Run,mutation_rate,Generation,Fitness,Time (s)
2,1.0,0,-44,108.02272939682007
2,1.0,1,-5,108.02272939682007
2,1.0,2,-3,108.02272939682007
2,1.0,3,-3,108.02272939682007
2,1.0,4,-3,108.02272939682007
2,1.0,5,-2,108.02272939682007
2,1.0,6,-2,108.02272939682007
2,1.0,7,-2,108.02272939682007
2,1.0,8,-2,108.02272939682007
2,1.0,9,-2,108.02272939682007
2,1.0,10,-2,108.02272939682007
2,1.0,11,-2,108.02272939682007
2,1.0,12,-2,108.02272939682007
2,1.0,13,-2,108.02272939682007
2,1.0,14,-2,108.02272939682007
2,1.0,15,-2,108.02272939682007
2,1.0,16,-2,108.02272939682007
2,1.0,17,-2,108.02272939682007
2,1.0,18,-2,108.02272939682007
2,1.0,19,-2,108.02272939682007
2,1.0,20,-2,108.02272939682007
2,1.0,21,-2,108.02272939682007
2,1.0,22,-2,108.02272939682007
2,1.0,23,-2,108.02272939682007
2,1.0,24,-2,108.02272939682007
2,1.0,25,-2,108.02272939682007
2,1.0,26,-2,108.02272939682007
2,1.0,27,-2,108.02272939682007
2,1.0,28,-2,108.02272939682007
2,1.0,29,-2,108.02272939682007
2,1.0,30,-2,108.02272939682007
2,1.0,31,-2,108.02272939682007
2,1.0,32,-2,108.02272939682007
2,1.0,33,-2,108.02272939682007
2,1.0,34,-2,108.02272939682007
2,1.0,35,-2,108.02272939682007
2,1.0,36,-2,108.02272939682007
2,1.0,37,-2,108.02272939682007
2,1.0,38,-2,108.02272939682007
2,1.0,39,-2,108.02272939682007
2,1.0,40,-2,108.02272939682007
2,1.0,41,-2,108.02272939682007
2,1.0,42,-2,108.02272939682007
2,1.0,43,-2,108.02272939682007
2,1.0,44,-2,108.02272939682007
2,1.0,45,-2,108.02272939682007
2,1.0,46,-2,108.02272939682007
2,1.0,47,-2,108.02272939682007
2,1.0,48,-2,108.02272939682007
2,1.0,49,-2,108.02272939682007
2,1.0,50,-2,108.02272939682007
2,1.0,51,-2,108.02272939682007
2,1.0,52,-2,108.02272939682007
2,1.0,53,-2,108.02272939682007
2,1.0,54,-2,108.02272939682007
2,1.0,55,-2,108.02272939682007
2,1.0,56,-2,108.02272939682007
2,1.0,57,-2,108.02272939682007
2,1.0,58,-2,108.02272939682007
2,1.0,59,-2,108.02272939682007
2,1.0,60,-2,108.02272939682007
2,1.0,61,-2,108.02272939682007
2,1.0,62,-2,108.02272939682007
2,1.0,63,-2,108.02272939682007
2,1.0,64,-2,108.02272939682007
2,1.0,65,-2,108.02272939682007
2,1.0,66,-2,108.02272939682007
2,1.0,67,-2,108.02272939682007
2,1.0,68,-2,108.02272939682007
2,1.0,69,-2,108.02272939682007
2,1.0,70,-2,108.02272939682007
2,1.0,71,-2,108.02272939682007
2,1.0,72,-2,108.02272939682007
2,1.0,73,-2,108.02272939682007
2,1.0,74,-2,108.02272939682007
2,1.0,75,-2,108.02272939682007
2,1.0,76,-2,108.02272939682007
2,1.0,77,-2,108.02272939682007
2,1.0,78,-2,108.02272939682007
2,1.0,79,-2,108.02272939682007
2,1.0,80,-2,108.02272939682007
2,1.0,81,-2,108.02272939682007
2,1.0,82,-2,108.02272939682007
2,1.0,83,-2,108.02272939682007
2,1.0,84,-2,108.02272939682007
2,1.0,85,-2,108.02272939682007
2,1.0,86,-2,108.02272939682007
2,1.0,87,-2,108.02272939682007
2,1.0,88,-2,108.02272939682007
2,1.0,89,-2,108.02272939682007
2,1.0,90,-2,108.02272939682007
2,1.0,91,-2,108.02272939682007
2,1.0,92,-2,108.02272939682007
2,1.0,93,-2,108.02272939682007
2,1.0,94,-2,108.02272939682007
2,1.0,95,-2,108.02272939682007
2,1.0,96,-2,108.02272939682007
2,1.0,97,-2,108.02272939682007
2,1.0,98,-2,108.02272939682007
2,1.0,99,-2,108.02272939682007
10,0.0,0,-42,5.395162105560303
10,0.0,1,0,5.395162105560303
12,1.0,0,-43,109.07864427566528
12,1.0,1,-7,109.07864427566528
12,1.0,2,-4,109.07864427566528
12,1.0,3,-4,109.07864427566528
12,1.0,4,-2,109.07864427566528
12,1.0,5,-2,109.07864427566528
12,1.0,6,-2,109.07864427566528
12,1.0,7,-2,109.07864427566528
12,1.0,8,-1,109.07864427566528
12,1.0,9,-1,109.07864427566528
12,1.0,10,-1,109.07864427566528
12,1.0,11,-1,109.07864427566528
12,1.0,12,-1,109.07864427566528
12,1.0,13,-1,109.07864427566528
12,1.0,14,-1,109.07864427566528
12,1.0,15,-1,109.07864427566528
12,1.0,16,-1,109.07864427566528
12,1.0,17,-1,109.07864427566528
12,1.0,18,-1,109.07864427566528
12,1.0,19,-1,109.07864427566528
12,1.0,20,-1,109.07864427566528
12,1.0,21,-1,109.07864427566528
12,1.0,22,-1,109.07864427566528
12,1.0,23,-1,109.07864427566528
12,1.0,24,-1,109.07864427566528
12,1.0,25,-1,109.07864427566528
12,1.0,26,-1,109.07864427566528
12,1.0,27,-1,109.07864427566528
12,1.0,28,-1,109.07864427566528
12,1.0,29,-1,109.07864427566528
12,1.0,30,-1,109.07864427566528
12,1.0,31,-1,109.07864427566528
12,1.0,32,-1,109.07864427566528
12,1.0,33,-1,109.07864427566528
12,1.0,34,-1,109.07864427566528
12,1.0,35,-1,109.07864427566528
12,1.0,36,-1,109.07864427566528
12,1.0,37,-1,109.07864427566528
12,1.0,38,-1,109.07864427566528
12,1.0,39,-1,109.07864427566528
12,1.0,40,-1,109.07864427566528
12,1.0,41,-1,109.07864427566528
12,1.0,42,-1,109.07864427566528
12,1.0,43,-1,109.07864427566528
12,1.0,44,-1,109.07864427566528
12,1.0,45,-1,109.07864427566528
12,1.0,46,-1,109.07864427566528
12,1.0,47,-1,109.07864427566528
12,1.0,48,-1,109.07864427566528
12,1.0,49,-1,109.07864427566528
12,1.0,50,-1,109.07864427566528
12,1.0,51,-1,109.07864427566528
12,1.0,52,-1,109.07864427566528
12,1.0,53,-1,109.07864427566528
12,1.0,54,-1,109.07864427566528
12,1.0,55,-1,109.07864427566528
12,1.0,56,-1,109.07864427566528
12,1.0,57,-1,109.07864427566528
12,1.0,58,-1,109.07864427566528
12,1.0,59,-1,109.07864427566528
12,1.0,60,-1,109.07864427566528
12,1.0,61,-1,109.07864427566528
12,1.0,62,-1,109.07864427566528
12,1.0,63,-1,109.07864427566528
12,1.0,64,-1,109.07864427566528
12,1.0,65,-1,109.07864427566528
12,1.0,66,-1,109.07864427566528
12,1.0,67,-1,109.07864427566528
12,1.0,68,-1,109.07864427566528
12,1.0,69,-1,109.07864427566528
12,1.0,70,-1,109.07864427566528
12,1.0,71,-1,109.07864427566528
12,1.0,72,-1,109.07864427566528
12,1.0,73,-1,109.07864427566528
12,1.0,74,-1,109.07864427566528
12,1.0,75,-1,109.07864427566528
12,1.0,76,-1,109.07864427566528
12,1.0,77,-1,109.07864427566528
12,1.0,78,-1,109.07864427566528
12,1.0,79,-1,109.07864427566528
12,1.0,80,-1,109.07864427566528
12,1.0,81,-1,109.07864427566528
12,1.0,82,-1,109.07864427566528
12,1.0,83,-1,109.07864427566528
12,1.0,84,-1,109.07864427566528
12,1.0,85,-1,109.07864427566528
12,1.0,86,-1,109.07864427566528
12,1.0,87,-1,109.07864427566528
12,1.0,88,-1,109.07864427566528
12,1.0,89,-1,109.07864427566528
12,1.0,90,-1,109.07864427566528
12,1.0,91,-1,109.07864427566528
12,1.0,92,-1,109.07864427566528
12,1.0,93,-1,109.07864427566528
12,1.0,94,-1,109.07864427566528
12,1.0,95,-1,109.07864427566528
12,1.0,96,-1,109.07864427566528
12,1.0,97,-1,109.07864427566528
12,1.0,98,-1,109.07864427566528
12,1.0,99,-1,109.07864427566528
1,1.0,0,-36,106.80432605743408
1,1.0,1,-6,106.80432605743408
1,1.0,2,-1,106.80432605743408
1,1.0,3,-1,106.80432605743408
1,1.0,4,-1,106.80432605743408
1,1.0,5,-1,106.80432605743408
1,1.0,6,-1,106.80432605743408
1,1.0,7,-1,106.80432605743408
1,1.0,8,-1,106.80432605743408
1,1.0,9,-1,106.80432605743408
1,1.0,10,-1,106.80432605743408
1,1.0,11,-1,106.80432605743408
1,1.0,12,-1,106.80432605743408
1,1.0,13,-1,106.80432605743408
1,1.0,14,-1,106.80432605743408
1,1.0,15,-1,106.80432605743408
1,1.0,16,-1,106.80432605743408
1,1.0,17,-1,106.80432605743408
1,1.0,18,-1,106.80432605743408
1,1.0,19,-1,106.80432605743408
1,1.0,20,-1,106.80432605743408
1,1.0,21,-1,106.80432605743408
1,1.0,22,-1,106.80432605743408
1,1.0,23,-1,106.80432605743408
1,1.0,24,-1,106.80432605743408
1,1.0,25,-1,106.80432605743408
1,1.0,26,-1,106.80432605743408
1,1.0,27,-1,106.80432605743408
1,1.0,28,-1,106.80432605743408
1,1.0,29,-1,106.80432605743408
1,1.0,30,-1,106.80432605743408
1,1.0,31,-1,106.80432605743408
1,1.0,32,-1,106.80432605743408
1,1.0,33,-1,106.80432605743408
1,1.0,34,-1,106.80432605743408
1,1.0,35,-1,106.80432605743408
1,1.0,36,-1,106.80432605743408
1,1.0,37,-1,106.80432605743408
1,1.0,38,-1,106.80432605743408
1,1.0,39,-1,106.80432605743408
1,1.0,40,-1,106.80432605743408
1,1.0,41,-1,106.80432605743408
1,1.0,42,-1,106.80432605743408
1,1.0,43,-1,106.80432605743408
1,1.0,44,-1,106.80432605743408
1,1.0,45,-1,106.80432605743408
1,1.0,46,-1,106.80432605743408
1,1.0,47,-1,106.80432605743408
1,1.0,48,-1,106.80432605743408
1,1.0,49,-1,106.80432605743408
1,1.0,50,-1,106.80432605743408
1,1.0,51,-1,106.80432605743408
1,1.0,52,-1,106.80432605743408
1,1.0,53,-1,106.80432605743408
1,1.0,54,-1,106.80432605743408
1,1.0,55,-1,106.80432605743408
1,1.0,56,-1,106.80432605743408
1,1.0,57,-1,106.80432605743408
1,1.0,58,-1,106.80432605743408
1,1.0,59,-1,106.80432605743408
1,1.0,60,-1,106.80432605743408
1,1.0,61,-1,106.80432605743408
1,1.0,62,-1,106.80432605743408
1,1.0,63,-1,106.80432605743408
1,1.0,64,-1,106.80432605743408
1,1.0,65,-1,106.80432605743408
1,1.0,66,-1,106.80432605743408
1,1.0,67,-1,106.80432605743408
1,1.0,68,-1,106.80432605743408
1,1.0,69,-1,106.80432605743408
1,1.0,70,-1,106.80432605743408
1,1.0,71,-1,106.80432605743408
1,1.0,72,-1,106.80432605743408
1,1.0,73,-1,106.80432605743408
1,1.0,74,-1,106.80432605743408
1,1.0,75,-1,106.80432605743408
1,1.0,76,-1,106.80432605743408
1,1.0,77,-1,106.80432605743408
1,1.0,78,-1,106.80432605743408
1,1.0,79,-1,106.80432605743408
1,1.0,80,-1,106.80432605743408
1,1.0,81,-1,106.80432605743408
1,1.0,82,-1,106.80432605743408
1,1.0,83,-1,106.80432605743408
1,1.0,84,-1,106.80432605743408
1,1.0,85,-1,106.80432605743408
1,1.0,86,-1,106.80432605743408
1,1.0,87,-1,106.80432605743408
1,1.0,88,-1,106.80432605743408
1,1.0,89,-1,106.80432605743408
1,1.0,90,-1,106.80432605743408
1,1.0,91,-1,106.80432605743408
1,1.0,92,-1,106.80432605743408
1,1.0,93,-1,106.80432605743408
1,1.0,94,-1,106.80432605743408
1,1.0,95,-1,106.80432605743408
1,1.0,96,-1,106.80432605743408
1,1.0,97,-1,106.80432605743408
1,1.0,98,-1,106.80432605743408
1,1.0,99,-1,106.80432605743408
0,1.0,0,-45,105.44750785827637
0,1.0,1,-6,105.44750785827637
0,1.0,2,-2,105.44750785827637
0,1.0,3,-1,105.44750785827637
0,1.0,4,-1,105.44750785827637
0,1.0,5,-1,105.44750785827637
0,1.0,6,-1,105.44750785827637
0,1.0,7,-1,105.44750785827637
0,1.0,8,-1,105.44750785827637
0,1.0,9,-1,105.44750785827637
0,1.0,10,-1,105.44750785827637
0,1.0,11,-1,105.44750785827637
0,1.0,12,-1,105.44750785827637
0,1.0,13,-1,105.44750785827637
0,1.0,14,-1,105.44750785827637
0,1.0,15,-1,105.44750785827637
0,1.0,16,-1,105.44750785827637
0,1.0,17,-1,105.44750785827637
0,1.0,18,-1,105.44750785827637
0,1.0,19,-1,105.44750785827637
0,1.0,20,-1,105.44750785827637
0,1.0,21,-1,105.44750785827637
0,1.0,22,-1,105.44750785827637
0,1.0,23,-1,105.44750785827637
0,1.0,24,-1,105.44750785827637
0,1.0,25,-1,105.44750785827637
0,1.0,26,-1,105.44750785827637
0,1.0,27,-1,105.44750785827637
0,1.0,28,-1,105.44750785827637
0,1.0,29,-1,105.44750785827637
0,1.0,30,-1,105.44750785827637
0,1.0,31,-1,105.44750785827637
0,1.0,32,-1,105.44750785827637
0,1.0,33,-1,105.44750785827637
0,1.0,34,-1,105.44750785827637
0,1.0,35,-1,105.44750785827637
0,1.0,36,-1,105.44750785827637
0,1.0,37,-1,105.44750785827637
0,1.0,38,-1,105.44750785827637
0,1.0,39,-1,105.44750785827637
0,1.0,40,-1,105.44750785827637
0,1.0,41,-1,105.44750785827637
0,1.0,42,-1,105.44750785827637
0,1.0,43,-1,105.44750785827637
0,1.0,44,-1,105.44750785827637
0,1.0,45,-1,105.44750785827637
0,1.0,46,-1,105.44750785827637
0,1.0,47,-1,105.44750785827637
0,1.0,48,-1,105.44750785827637
0,1.0,49,-1,105.44750785827637
0,1.0,50,-1,105.44750785827637
0,1.0,51,-1,105.44750785827637
0,1.0,52,-1,105.44750785827637
0,1.0,53,-1,105.44750785827637
0,1.0,54,-1,105.44750785827637
0,1.0,55,-1,105.44750785827637
0,1.0,56,-1,105.44750785827637
0,1.0,57,-1,105.44750785827637
0,1.0,58,-1,105.44750785827637
0,1.0,59,-1,105.44750785827637
0,1.0,60,-1,105.44750785827637
0,1.0,61,-1,105.44750785827637
0,1.0,62,-1,105.44750785827637
0,1.0,63,-1,105.44750785827637
0,1.0,64,-1,105.44750785827637
0,1.0,65,-1,105.44750785827637
0,1.0,66,-1,105.44750785827637
0,1.0,67,-1,105.44750785827637
0,1.0,68,-1,105.44750785827637
0,1.0,69,-1,105.44750785827637
0,1.0,70,-1,105.44750785827637
0,1.0,71,-1,105.44750785827637
0,1.0,72,-1,105.44750785827637
0,1.0,73,-1,105.44750785827637
0,1.0,74,-1,105.44750785827637
0,1.0,75,-1,105.44750785827637
0,1.0,76,-1,105.44750785827637
0,1.0,77,-1,105.44750785827637
0,1.0,78,-1,105.44750785827637
0,1.0,79,-1,105.44750785827637
0,1.0,80,-1,105.44750785827637
0,1.0,81,-1,105.44750785827637
0,1.0,82,-1,105.44750785827637
0,1.0,83,-1,105.44750785827637
0,1.0,84,-1,105.44750785827637
0,1.0,85,-1,105.44750785827637
0,1.0,86,-1,105.44750785827637
0,1.0,87,-1,105.44750785827637
0,1.0,88,-1,105.44750785827637
0,1.0,89,-1,105.44750785827637
0,1.0,90,-1,105.44750785827637
0,1.0,91,-1,105.44750785827637
0,1.0,92,-1,105.44750785827637
0,1.0,93,-1,105.44750785827637
0,1.0,94,-1,105.44750785827637
0,1.0,95,-1,105.44750785827637
0,1.0,96,-1,105.44750785827637
0,1.0,97,-1,105.44750785827637
0,1.0,98,-1,105.44750785827637
0,1.0,99,-1,105.44750785827637
9,0.0,0,-42,5.545984745025635
9,0.0,1,0,5.545984745025635
11,1.0,0,-44,108.24717926979065
11,1.0,1,-5,108.24717926979065
11,1.0,2,-4,108.24717926979065
11,1.0,3,-4,108.24717926979065
11,1.0,4,-3,108.24717926979065
11,1.0,5,-3,108.24717926979065
11,1.0,6,-2,108.24717926979065
11,1.0,7,-1,108.24717926979065
11,1.0,8,-1,108.24717926979065
11,1.0,9,-1,108.24717926979065
11,1.0,10,-1,108.24717926979065
11,1.0,11,-1,108.24717926979065
11,1.0,12,-1,108.24717926979065
11,1.0,13,-1,108.24717926979065
11,1.0,14,-1,108.24717926979065
11,1.0,15,-1,108.24717926979065
11,1.0,16,-1,108.24717926979065
11,1.0,17,-1,108.24717926979065
11,1.0,18,-1,108.24717926979065
11,1.0,19,-1,108.24717926979065
11,1.0,20,-1,108.24717926979065
11,1.0,21,-1,108.24717926979065
11,1.0,22,-1,108.24717926979065
11,1.0,23,-1,108.24717926979065
11,1.0,24,-1,108.24717926979065
11,1.0,25,-1,108.24717926979065
11,1.0,26,-1,108.24717926979065
11,1.0,27,-1,108.24717926979065
11,1.0,28,-1,108.24717926979065
11,1.0,29,-1,108.24717926979065
11,1.0,30,-1,108.24717926979065
11,1.0,31,-1,108.24717926979065
11,1.0,32,-1,108.24717926979065
11,1.0,33,-1,108.24717926979065
11,1.0,34,-1,108.24717926979065
11,1.0,35,-1,108.24717926979065
11,1.0,36,-1,108.24717926979065
11,1.0,37,-1,108.24717926979065
11,1.0,38,-1,108.24717926979065
11,1.0,39,-1,108.24717926979065
11,1.0,40,-1,108.24717926979065
11,1.0,41,-1,108.24717926979065
11,1.0,42,-1,108.24717926979065
11,1.0,43,-1,108.24717926979065
11,1.0,44,-1,108.24717926979065
11,1.0,45,-1,108.24717926979065
11,1.0,46,-1,108.24717926979065
11,1.0,47,-1,108.24717926979065
11,1.0,48,-1,108.24717926979065
11,1.0,49,-1,108.24717926979065
11,1.0,50,-1,108.24717926979065
11,1.0,51,-1,108.24717926979065
11,1.0,52,-1,108.24717926979065
11,1.0,53,-1,108.24717926979065
11,1.0,54,-1,108.24717926979065
11,1.0,55,-1,108.24717926979065
11,1.0,56,-1,108.24717926979065
11,1.0,57,-1,108.24717926979065
11,1.0,58,-1,108.24717926979065
11,1.0,59,-1,108.24717926979065
11,1.0,60,-1,108.24717926979065
11,1.0,61,-1,108.24717926979065
11,1.0,62,-1,108.24717926979065
11,1.0,63,-1,108.24717926979065
11,1.0,64,-1,108.24717926979065
11,1.0,65,-1,108.24717926979065
11,1.0,66,-1,108.24717926979065
11,1.0,67,-1,108.24717926979065
11,1.0,68,-1,108.24717926979065
11,1.0,69,-1,108.24717926979065
11,1.0,70,-1,108.24717926979065
11,1.0,71,-1,108.24717926979065
11,1.0,72,-1,108.24717926979065
11,1.0,73,-1,108.24717926979065
11,1.0,74,-1,108.24717926979065
11,1.0,75,-1,108.24717926979065
11,1.0,76,-1,108.24717926979065
11,1.0,77,-1,108.24717926979065
11,1.0,78,-1,108.24717926979065
11,1.0,79,-1,108.24717926979065
11,1.0,80,-1,108.24717926979065
11,1.0,81,-1,108.24717926979065
11,1.0,82,-1,108.24717926979065
11,1.0,83,-1,108.24717926979065
11,1.0,84,-1,108.24717926979065
11,1.0,85,-1,108.24717926979065
11,1.0,86,-1,108.24717926979065
11,1.0,87,-1,108.24717926979065
11,1.0,88,-1,108.24717926979065
11,1.0,89,-1,108.24717926979065
11,1.0,90,-1,108.24717926979065
11,1.0,91,-1,108.24717926979065
11,1.0,92,-1,108.24717926979065
11,1.0,93,-1,108.24717926979065
11,1.0,94,-1,108.24717926979065
11,1.0,95,-1,108.24717926979065
11,1.0,96,-1,108.24717926979065
11,1.0,97,-1,108.24717926979065
11,1.0,98,-1,108.24717926979065
11,1.0,99,-1,108.24717926979065
10,0.1,0,-32,5.4912590980529785
10,0.1,1,0,5.4912590980529785
19,0.0,0,-41,5.244512557983398
19,0.0,1,0,5.244512557983398
8,0.0,0,-42,5.3110480308532715
8,0.0,1,0,5.3110480308532715
10,1.0,0,-43,108.28589534759521
10,1.0,1,-6,108.28589534759521
10,1.0,2,-3,108.28589534759521
10,1.0,3,-3,108.28589534759521
10,1.0,4,-2,108.28589534759521
10,1.0,5,-2,108.28589534759521
10,1.0,6,-1,108.28589534759521
10,1.0,7,-1,108.28589534759521
10,1.0,8,-1,108.28589534759521
10,1.0,9,-1,108.28589534759521
10,1.0,10,-1,108.28589534759521
10,1.0,11,-1,108.28589534759521
10,1.0,12,-1,108.28589534759521
10,1.0,13,-1,108.28589534759521
10,1.0,14,-1,108.28589534759521
10,1.0,15,-1,108.28589534759521
10,1.0,16,-1,108.28589534759521
10,1.0,17,-1,108.28589534759521
10,1.0,18,-1,108.28589534759521
10,1.0,19,-1,108.28589534759521
10,1.0,20,-1,108.28589534759521
10,1.0,21,-1,108.28589534759521
10,1.0,22,-1,108.28589534759521
10,1.0,23,-1,108.28589534759521
10,1.0,24,-1,108.28589534759521
10,1.0,25,-1,108.28589534759521
10,1.0,26,-1,108.28589534759521
10,1.0,27,-1,108.28589534759521
10,1.0,28,-1,108.28589534759521
10,1.0,29,-1,108.28589534759521
10,1.0,30,-1,108.28589534759521
10,1.0,31,-1,108.28589534759521
10,1.0,32,-1,108.28589534759521
10,1.0,33,-1,108.28589534759521
10,1.0,34,-1,108.28589534759521
10,1.0,35,-1,108.28589534759521
10,1.0,36,-1,108.28589534759521
10,1.0,37,-1,108.28589534759521
10,1.0,38,-1,108.28589534759521
10,1.0,39,-1,108.28589534759521
10,1.0,40,-1,108.28589534759521
10,1.0,41,-1,108.28589534759521
10,1.0,42,-1,108.28589534759521
10,1.0,43,-1,108.28589534759521
10,1.0,44,-1,108.28589534759521
10,1.0,45,-1,108.28589534759521
10,1.0,46,-1,108.28589534759521
10,1.0,47,-1,108.28589534759521
10,1.0,48,-1,108.28589534759521
10,1.0,49,-1,108.28589534759521
10,1.0,50,-1,108.28589534759521
10,1.0,51,-1,108.28589534759521
10,1.0,52,-1,108.28589534759521
10,1.0,53,-1,108.28589534759521
10,1.0,54,-1,108.28589534759521
10,1.0,55,-1,108.28589534759521
10,1.0,56,-1,108.28589534759521
10,1.0,57,-1,108.28589534759521
10,1.0,58,-1,108.28589534759521
10,1.0,59,-1,108.28589534759521
10,1.0,60,-1,108.28589534759521
10,1.0,61,-1,108.28589534759521
10,1.0,62,-1,108.28589534759521
10,1.0,63,-1,108.28589534759521
10,1.0,64,-1,108.28589534759521
10,1.0,65,-1,108.28589534759521
10,1.0,66,-1,108.28589534759521
10,1.0,67,-1,108.28589534759521
10,1.0,68,-1,108.28589534759521
10,1.0,69,-1,108.28589534759521
10,1.0,70,-1,108.28589534759521
10,1.0,71,-1,108.28589534759521
10,1.0,72,-1,108.28589534759521
10,1.0,73,-1,108.28589534759521
10,1.0,74,-1,108.28589534759521
10,1.0,75,-1,108.28589534759521
10,1.0,76,-1,108.28589534759521
10,1.0,77,-1,108.28589534759521
10,1.0,78,-1,108.28589534759521
10,1.0,79,-1,108.28589534759521
10,1.0,80,-1,108.28589534759521
10,1.0,81,-1,108.28589534759521
10,1.0,82,-1,108.28589534759521
10,1.0,83,-1,108.28589534759521
10,1.0,84,-1,108.28589534759521
10,1.0,85,-1,108.28589534759521
10,1.0,86,-1,108.28589534759521
10,1.0,87,-1,108.28589534759521
10,1.0,88,-1,108.28589534759521
10,1.0,89,-1,108.28589534759521
10,1.0,90,-1,108.28589534759521
10,1.0,91,-1,108.28589534759521
10,1.0,92,-1,108.28589534759521
10,1.0,93,-1,108.28589534759521
10,1.0,94,-1,108.28589534759521
10,1.0,95,-1,108.28589534759521
10,1.0,96,-1,108.28589534759521
10,1.0,97,-1,108.28589534759521
10,1.0,98,-1,108.28589534759521
10,1.0,99,-1,108.28589534759521
9,0.1,0,-43,5.405344724655151
9,0.1,1,0,5.405344724655151
19,0.1,0,-41,5.572240591049194
19,0.1,1,0,5.572240591049194
18,0.0,0,-40,5.389618873596191
18,0.0,1,0,5.389618873596191
7,0.0,0,-39,5.769242525100708
7,0.0,1,0,5.769242525100708
9,1.0,0,-39,10.719272375106812
9,1.0,1,-6,10.719272375106812
9,1.0,2,-4,10.719272375106812
9,1.0,3,-2,10.719272375106812
9,1.0,4,-1,10.719272375106812
9,1.0,5,-1,10.719272375106812
9,1.0,6,0,10.719272375106812
8,0.1,0,-40,5.443080902099609
8,0.1,1,0,5.443080902099609
18,0.1,0,-42,5.525300741195679
18,0.1,1,0,5.525300741195679
17,0.0,0,-43,5.612920522689819
17,0.0,1,0,5.612920522689819
19,1.0,0,-41,11.955933332443237
19,1.0,1,-6,11.955933332443237
19,1.0,2,-3,11.955933332443237
19,1.0,3,-2,11.955933332443237
19,1.0,4,-1,11.955933332443237
19,1.0,5,-1,11.955933332443237
19,1.0,6,-1,11.955933332443237
19,1.0,7,-1,11.955933332443237
19,1.0,8,0,11.955933332443237
6,0.0,0,-41,5.483833312988281
6,0.0,1,0,5.483833312988281
8,1.0,0,-42,107.35302114486694
8,1.0,1,-6,107.35302114486694
8,1.0,2,-4,107.35302114486694
8,1.0,3,-2,107.35302114486694
8,1.0,4,-1,107.35302114486694
8,1.0,5,-1,107.35302114486694
8,1.0,6,-1,107.35302114486694
8,1.0,7,-1,107.35302114486694
8,1.0,8,-1,107.35302114486694
8,1.0,9,-1,107.35302114486694
8,1.0,10,-1,107.35302114486694
8,1.0,11,-1,107.35302114486694
8,1.0,12,-1,107.35302114486694
8,1.0,13,-1,107.35302114486694
8,1.0,14,-1,107.35302114486694
8,1.0,15,-1,107.35302114486694
8,1.0,16,-1,107.35302114486694
8,1.0,17,-1,107.35302114486694
8,1.0,18,-1,107.35302114486694
8,1.0,19,-1,107.35302114486694
8,1.0,20,-1,107.35302114486694
8,1.0,21,-1,107.35302114486694
8,1.0,22,-1,107.35302114486694
8,1.0,23,-1,107.35302114486694
8,1.0,24,-1,107.35302114486694
8,1.0,25,-1,107.35302114486694
8,1.0,26,-1,107.35302114486694
8,1.0,27,-1,107.35302114486694
8,1.0,28,-1,107.35302114486694
8,1.0,29,-1,107.35302114486694
8,1.0,30,-1,107.35302114486694
8,1.0,31,-1,107.35302114486694
8,1.0,32,-1,107.35302114486694
8,1.0,33,-1,107.35302114486694
8,1.0,34,-1,107.35302114486694
8,1.0,35,-1,107.35302114486694
8,1.0,36,-1,107.35302114486694
8,1.0,37,-1,107.35302114486694
8,1.0,38,-1,107.35302114486694
8,1.0,39,-1,107.35302114486694
8,1.0,40,-1,107.35302114486694
8,1.0,41,-1,107.35302114486694
8,1.0,42,-1,107.35302114486694
8,1.0,43,-1,107.35302114486694
8,1.0,44,-1,107.35302114486694
8,1.0,45,-1,107.35302114486694
8,1.0,46,-1,107.35302114486694
8,1.0,47,-1,107.35302114486694
8,1.0,48,-1,107.35302114486694
8,1.0,49,-1,107.35302114486694
8,1.0,50,-1,107.35302114486694
8,1.0,51,-1,107.35302114486694
8,1.0,52,-1,107.35302114486694
8,1.0,53,-1,107.35302114486694
8,1.0,54,-1,107.35302114486694
8,1.0,55,-1,107.35302114486694
8,1.0,56,-1,107.35302114486694
8,1.0,57,-1,107.35302114486694
8,1.0,58,-1,107.35302114486694
8,1.0,59,-1,107.35302114486694
8,1.0,60,-1,107.35302114486694
8,1.0,61,-1,107.35302114486694
8,1.0,62,-1,107.35302114486694
8,1.0,63,-1,107.35302114486694
8,1.0,64,-1,107.35302114486694
8,1.0,65,-1,107.35302114486694
8,1.0,66,-1,107.35302114486694
8,1.0,67,-1,107.35302114486694
8,1.0,68,-1,107.35302114486694
8,1.0,69,-1,107.35302114486694
8,1.0,70,-1,107.35302114486694
8,1.0,71,-1,107.35302114486694
8,1.0,72,-1,107.35302114486694
8,1.0,73,-1,107.35302114486694
8,1.0,74,-1,107.35302114486694
8,1.0,75,-1,107.35302114486694
8,1.0,76,-1,107.35302114486694
8,1.0,77,-1,107.35302114486694
8,1.0,78,-1,107.35302114486694
8,1.0,79,-1,107.35302114486694
8,1.0,80,-1,107.35302114486694
8,1.0,81,-1,107.35302114486694
8,1.0,82,-1,107.35302114486694
8,1.0,83,-1,107.35302114486694
8,1.0,84,-1,107.35302114486694
8,1.0,85,-1,107.35302114486694
8,1.0,86,-1,107.35302114486694
8,1.0,87,-1,107.35302114486694
8,1.0,88,-1,107.35302114486694
8,1.0,89,-1,107.35302114486694
8,1.0,90,-1,107.35302114486694
8,1.0,91,-1,107.35302114486694
8,1.0,92,-1,107.35302114486694
8,1.0,93,-1,107.35302114486694
8,1.0,94,-1,107.35302114486694
8,1.0,95,-1,107.35302114486694
8,1.0,96,-1,107.35302114486694
8,1.0,97,-1,107.35302114486694
8,1.0,98,-1,107.35302114486694
8,1.0,99,-1,107.35302114486694
7,0.1,0,-39,5.246203899383545
7,0.1,1,0,5.246203899383545
17,0.1,0,-39,5.33378005027771
17,0.1,1,0,5.33378005027771
16,0.0,0,-41,5.479706048965454
16,0.0,1,0,5.479706048965454
18,1.0,0,-40,109.01097989082336
18,1.0,1,-7,109.01097989082336
18,1.0,2,-4,109.01097989082336
18,1.0,3,-3,109.01097989082336
18,1.0,4,-2,109.01097989082336
18,1.0,5,-1,109.01097989082336
18,1.0,6,-1,109.01097989082336
18,1.0,7,-1,109.01097989082336
18,1.0,8,-1,109.01097989082336
18,1.0,9,-1,109.01097989082336
18,1.0,10,-1,109.01097989082336
18,1.0,11,-1,109.01097989082336
18,1.0,12,-1,109.01097989082336
18,1.0,13,-1,109.01097989082336
18,1.0,14,-1,109.01097989082336
18,1.0,15,-1,109.01097989082336
18,1.0,16,-1,109.01097989082336
18,1.0,17,-1,109.01097989082336
18,1.0,18,-1,109.01097989082336
18,1.0,19,-1,109.01097989082336
18,1.0,20,-1,109.01097989082336
18,1.0,21,-1,109.01097989082336
18,1.0,22,-1,109.01097989082336
18,1.0,23,-1,109.01097989082336
18,1.0,24,-1,109.01097989082336
18,1.0,25,-1,109.01097989082336
18,1.0,26,-1,109.01097989082336
18,1.0,27,-1,109.01097989082336
18,1.0,28,-1,109.01097989082336
18,1.0,29,-1,109.01097989082336
18,1.0,30,-1,109.01097989082336
18,1.0,31,-1,109.01097989082336
18,1.0,32,-1,109.01097989082336
18,1.0,33,-1,109.01097989082336
18,1.0,34,-1,109.01097989082336
18,1.0,35,-1,109.01097989082336
18,1.0,36,-1,109.01097989082336
18,1.0,37,-1,109.01097989082336
18,1.0,38,-1,109.01097989082336
18,1.0,39,-1,109.01097989082336
18,1.0,40,-1,109.01097989082336
18,1.0,41,-1,109.01097989082336
18,1.0,42,-1,109.01097989082336
18,1.0,43,-1,109.01097989082336
18,1.0,44,-1,109.01097989082336
18,1.0,45,-1,109.01097989082336
18,1.0,46,-1,109.01097989082336
18,1.0,47,-1,109.01097989082336
18,1.0,48,-1,109.01097989082336
18,1.0,49,-1,109.01097989082336
18,1.0,50,-1,109.01097989082336
18,1.0,51,-1,109.01097989082336
18,1.0,52,-1,109.01097989082336
18,1.0,53,-1,109.01097989082336
18,1.0,54,-1,109.01097989082336
18,1.0,55,-1,109.01097989082336
18,1.0,56,-1,109.01097989082336
18,1.0,57,-1,109.01097989082336
18,1.0,58,-1,109.01097989082336
18,1.0,59,-1,109.01097989082336
18,1.0,60,-1,109.01097989082336
18,1.0,61,-1,109.01097989082336
18,1.0,62,-1,109.01097989082336
18,1.0,63,-1,109.01097989082336
18,1.0,64,-1,109.01097989082336
18,1.0,65,-1,109.01097989082336
18,1.0,66,-1,109.01097989082336
18,1.0,67,-1,109.01097989082336
18,1.0,68,-1,109.01097989082336
18,1.0,69,-1,109.01097989082336
18,1.0,70,-1,109.01097989082336
18,1.0,71,-1,109.01097989082336
18,1.0,72,-1,109.01097989082336
18,1.0,73,-1,109.01097989082336
18,1.0,74,-1,109.01097989082336
18,1.0,75,-1,109.01097989082336
18,1.0,76,-1,109.01097989082336
18,1.0,77,-1,109.01097989082336
18,1.0,78,-1,109.01097989082336
18,1.0,79,-1,109.01097989082336
18,1.0,80,-1,109.01097989082336
18,1.0,81,-1,109.01097989082336
18,1.0,82,-1,109.01097989082336
18,1.0,83,-1,109.01097989082336
18,1.0,84,-1,109.01097989082336
18,1.0,85,-1,109.01097989082336
18,1.0,86,-1,109.01097989082336
18,1.0,87,-1,109.01097989082336
18,1.0,88,-1,109.01097989082336
18,1.0,89,-1,109.01097989082336
18,1.0,90,-1,109.01097989082336
18,1.0,91,-1,109.01097989082336
18,1.0,92,-1,109.01097989082336
18,1.0,93,-1,109.01097989082336
18,1.0,94,-1,109.01097989082336
18,1.0,95,-1,109.01097989082336
18,1.0,96,-1,109.01097989082336
18,1.0,97,-1,109.01097989082336
18,1.0,98,-1,109.01097989082336
18,1.0,99,-1,109.01097989082336
5,0.0,0,-43,6.028350114822388
5,0.0,1,0,6.028350114822388
7,1.0,0,-36,8.259855270385742
7,1.0,1,-5,8.259855270385742
7,1.0,2,-2,8.259855270385742
7,1.0,3,-2,8.259855270385742
7,1.0,4,0,8.259855270385742
6,0.1,0,-42,5.5136168003082275
6,0.1,1,0,5.5136168003082275
1,0.1,0,-42,5.571540832519531
1,0.1,1,0,5.571540832519531
16,0.1,0,-42,5.569034576416016
16,0.1,1,0,5.569034576416016
15,0.0,0,-41,5.370058536529541
15,0.0,1,0,5.370058536529541
0,0.0,0,-40,5.628971338272095
0,0.0,1,0,5.628971338272095
17,1.0,0,-39,106.85401821136475
17,1.0,1,-5,106.85401821136475
17,1.0,2,-1,106.85401821136475
17,1.0,3,-1,106.85401821136475
17,1.0,4,-1,106.85401821136475
17,1.0,5,-1,106.85401821136475
17,1.0,6,-1,106.85401821136475
17,1.0,7,-1,106.85401821136475
17,1.0,8,-1,106.85401821136475
17,1.0,9,-1,106.85401821136475
17,1.0,10,-1,106.85401821136475
17,1.0,11,-1,106.85401821136475
17,1.0,12,-1,106.85401821136475
17,1.0,13,-1,106.85401821136475
17,1.0,14,-1,106.85401821136475
17,1.0,15,-1,106.85401821136475
17,1.0,16,-1,106.85401821136475
17,1.0,17,-1,106.85401821136475
17,1.0,18,-1,106.85401821136475
17,1.0,19,-1,106.85401821136475
17,1.0,20,-1,106.85401821136475
17,1.0,21,-1,106.85401821136475
17,1.0,22,-1,106.85401821136475
17,1.0,23,-1,106.85401821136475
17,1.0,24,-1,106.85401821136475
17,1.0,25,-1,106.85401821136475
17,1.0,26,-1,106.85401821136475
17,1.0,27,-1,106.85401821136475
17,1.0,28,-1,106.85401821136475
17,1.0,29,-1,106.85401821136475
17,1.0,30,-1,106.85401821136475
17,1.0,31,-1,106.85401821136475
17,1.0,32,-1,106.85401821136475
17,1.0,33,-1,106.85401821136475
17,1.0,34,-1,106.85401821136475
17,1.0,35,-1,106.85401821136475
17,1.0,36,-1,106.85401821136475
17,1.0,37,-1,106.85401821136475
17,1.0,38,-1,106.85401821136475
17,1.0,39,-1,106.85401821136475
17,1.0,40,-1,106.85401821136475
17,1.0,41,-1,106.85401821136475
17,1.0,42,-1,106.85401821136475
17,1.0,43,-1,106.85401821136475
17,1.0,44,-1,106.85401821136475
17,1.0,45,-1,106.85401821136475
17,1.0,46,-1,106.85401821136475
17,1.0,47,-1,106.85401821136475
17,1.0,48,-1,106.85401821136475
17,1.0,49,-1,106.85401821136475
17,1.0,50,-1,106.85401821136475
17,1.0,51,-1,106.85401821136475
17,1.0,52,-1,106.85401821136475
17,1.0,53,-1,106.85401821136475
17,1.0,54,-1,106.85401821136475
17,1.0,55,-1,106.85401821136475
17,1.0,56,-1,106.85401821136475
17,1.0,57,-1,106.85401821136475
17,1.0,58,-1,106.85401821136475
17,1.0,59,-1,106.85401821136475
17,1.0,60,-1,106.85401821136475
17,1.0,61,-1,106.85401821136475
17,1.0,62,-1,106.85401821136475
17,1.0,63,-1,106.85401821136475
17,1.0,64,-1,106.85401821136475
17,1.0,65,-1,106.85401821136475
17,1.0,66,-1,106.85401821136475
17,1.0,67,-1,106.85401821136475
17,1.0,68,-1,106.85401821136475
17,1.0,69,-1,106.85401821136475
17,1.0,70,-1,106.85401821136475
17,1.0,71,-1,106.85401821136475
17,1.0,72,-1,106.85401821136475
17,1.0,73,-1,106.85401821136475
17,1.0,74,-1,106.85401821136475
17,1.0,75,-1,106.85401821136475
17,1.0,76,-1,106.85401821136475
17,1.0,77,-1,106.85401821136475
17,1.0,78,-1,106.85401821136475
17,1.0,79,-1,106.85401821136475
17,1.0,80,-1,106.85401821136475
17,1.0,81,-1,106.85401821136475
17,1.0,82,-1,106.85401821136475
17,1.0,83,-1,106.85401821136475
17,1.0,84,-1,106.85401821136475
17,1.0,85,-1,106.85401821136475
17,1.0,86,-1,106.85401821136475
17,1.0,87,-1,106.85401821136475
17,1.0,88,-1,106.85401821136475
17,1.0,89,-1,106.85401821136475
17,1.0,90,-1,106.85401821136475
17,1.0,91,-1,106.85401821136475
17,1.0,92,-1,106.85401821136475
17,1.0,93,-1,106.85401821136475
17,1.0,94,-1,106.85401821136475
17,1.0,95,-1,106.85401821136475
17,1.0,96,-1,106.85401821136475
17,1.0,97,-1,106.85401821136475
17,1.0,98,-1,106.85401821136475
17,1.0,99,-1,106.85401821136475
0,0.1,0,-37,4.729632377624512
0,0.1,1,0,4.729632377624512
4,0.0,0,-41,5.5780487060546875
4,0.0,1,0,5.5780487060546875
6,1.0,0,-42,9.612237691879272
6,1.0,1,-7,9.612237691879272
6,1.0,2,-3,9.612237691879272
6,1.0,3,-1,9.612237691879272
6,1.0,4,-1,9.612237691879272
6,1.0,5,0,9.612237691879272
5,0.1,0,-39,5.4231274127960205
5,0.1,1,0,5.4231274127960205
15,0.1,0,-40,5.210278511047363
15,0.1,1,0,5.210278511047363
14,0.0,0,-42,5.979442596435547
14,0.0,1,0,5.979442596435547
16,1.0,0,-39,11.64368724822998
16,1.0,1,-3,11.64368724822998
16,1.0,2,-3,11.64368724822998
16,1.0,3,-2,11.64368724822998
16,1.0,4,-2,11.64368724822998
16,1.0,5,-2,11.64368724822998
16,1.0,6,-1,11.64368724822998
16,1.0,7,0,11.64368724822998
3,0.0,0,-42,5.53026556968689
3,0.0,1,0,5.53026556968689
5,1.0,0,-36,108.59490823745728
5,1.0,1,-6,108.59490823745728
5,1.0,2,-4,108.59490823745728
5,1.0,3,-3,108.59490823745728
5,1.0,4,-1,108.59490823745728
5,1.0,5,-1,108.59490823745728
5,1.0,6,-1,108.59490823745728
5,1.0,7,-1,108.59490823745728
5,1.0,8,-1,108.59490823745728
5,1.0,9,-1,108.59490823745728
5,1.0,10,-1,108.59490823745728
5,1.0,11,-1,108.59490823745728
5,1.0,12,-1,108.59490823745728
5,1.0,13,-1,108.59490823745728
5,1.0,14,-1,108.59490823745728
5,1.0,15,-1,108.59490823745728
5,1.0,16,-1,108.59490823745728
5,1.0,17,-1,108.59490823745728
5,1.0,18,-1,108.59490823745728
5,1.0,19,-1,108.59490823745728
5,1.0,20,-1,108.59490823745728
5,1.0,21,-1,108.59490823745728
5,1.0,22,-1,108.59490823745728
5,1.0,23,-1,108.59490823745728
5,1.0,24,-1,108.59490823745728
5,1.0,25,-1,108.59490823745728
5,1.0,26,-1,108.59490823745728
5,1.0,27,-1,108.59490823745728
5,1.0,28,-1,108.59490823745728
5,1.0,29,-1,108.59490823745728
5,1.0,30,-1,108.59490823745728
5,1.0,31,-1,108.59490823745728
5,1.0,32,-1,108.59490823745728
5,1.0,33,-1,108.59490823745728
5,1.0,34,-1,108.59490823745728
5,1.0,35,-1,108.59490823745728
5,1.0,36,-1,108.59490823745728
5,1.0,37,-1,108.59490823745728
5,1.0,38,-1,108.59490823745728
5,1.0,39,-1,108.59490823745728
5,1.0,40,-1,108.59490823745728
5,1.0,41,-1,108.59490823745728
5,1.0,42,-1,108.59490823745728
5,1.0,43,-1,108.59490823745728
5,1.0,44,-1,108.59490823745728
5,1.0,45,-1,108.59490823745728
5,1.0,46,-1,108.59490823745728
5,1.0,47,-1,108.59490823745728
5,1.0,48,-1,108.59490823745728
5,1.0,49,-1,108.59490823745728
5,1.0,50,-1,108.59490823745728
5,1.0,51,-1,108.59490823745728
5,1.0,52,-1,108.59490823745728
5,1.0,53,-1,108.59490823745728
5,1.0,54,-1,108.59490823745728
5,1.0,55,-1,108.59490823745728
5,1.0,56,-1,108.59490823745728
5,1.0,57,-1,108.59490823745728
5,1.0,58,-1,108.59490823745728
5,1.0,59,-1,108.59490823745728
5,1.0,60,-1,108.59490823745728
5,1.0,61,-1,108.59490823745728
5,1.0,62,-1,108.59490823745728
5,1.0,63,-1,108.59490823745728
5,1.0,64,-1,108.59490823745728
5,1.0,65,-1,108.59490823745728
5,1.0,66,-1,108.59490823745728
5,1.0,67,-1,108.59490823745728
5,1.0,68,-1,108.59490823745728
5,1.0,69,-1,108.59490823745728
5,1.0,70,-1,108.59490823745728
5,1.0,71,-1,108.59490823745728
5,1.0,72,-1,108.59490823745728
5,1.0,73,-1,108.59490823745728
5,1.0,74,-1,108.59490823745728
5,1.0,75,-1,108.59490823745728
5,1.0,76,-1,108.59490823745728
5,1.0,77,-1,108.59490823745728
5,1.0,78,-1,108.59490823745728
5,1.0,79,-1,108.59490823745728
5,1.0,80,-1,108.59490823745728
5,1.0,81,-1,108.59490823745728
5,1.0,82,-1,108.59490823745728
5,1.0,83,-1,108.59490823745728
5,1.0,84,-1,108.59490823745728
5,1.0,85,-1,108.59490823745728
5,1.0,86,-1,108.59490823745728
5,1.0,87,-1,108.59490823745728
5,1.0,88,-1,108.59490823745728
5,1.0,89,-1,108.59490823745728
5,1.0,90,-1,108.59490823745728
5,1.0,91,-1,108.59490823745728
5,1.0,92,-1,108.59490823745728
5,1.0,93,-1,108.59490823745728
5,1.0,94,-1,108.59490823745728
5,1.0,95,-1,108.59490823745728
5,1.0,96,-1,108.59490823745728
5,1.0,97,-1,108.59490823745728
5,1.0,98,-1,108.59490823745728
5,1.0,99,-1,108.59490823745728
4,0.1,0,-42,5.497517347335815
4,0.1,1,0,5.497517347335815
13,0.0,0,-44,5.108458995819092
13,0.0,1,0,5.108458995819092
14,0.1,0,-41,5.554656982421875
14,0.1,1,0,5.554656982421875
2,0.0,0,-41,5.455028057098389
2,0.0,1,0,5.455028057098389
15,1.0,0,-38,9.560384035110474
15,1.0,1,-6,9.560384035110474
15,1.0,2,-3,9.560384035110474
15,1.0,3,-2,9.560384035110474
15,1.0,4,-1,9.560384035110474
15,1.0,5,0,9.560384035110474
4,1.0,0,-40,107.6446373462677
4,1.0,1,-6,107.6446373462677
4,1.0,2,-4,107.6446373462677
4,1.0,3,-3,107.6446373462677
4,1.0,4,-2,107.6446373462677
4,1.0,5,-1,107.6446373462677
4,1.0,6,-1,107.6446373462677
4,1.0,7,-1,107.6446373462677
4,1.0,8,-1,107.6446373462677
4,1.0,9,-1,107.6446373462677
4,1.0,10,-1,107.6446373462677
4,1.0,11,-1,107.6446373462677
4,1.0,12,-1,107.6446373462677
4,1.0,13,-1,107.6446373462677
4,1.0,14,-1,107.6446373462677
4,1.0,15,-1,107.6446373462677
4,1.0,16,-1,107.6446373462677
4,1.0,17,-1,107.6446373462677
4,1.0,18,-1,107.6446373462677
4,1.0,19,-1,107.6446373462677
4,1.0,20,-1,107.6446373462677
4,1.0,21,-1,107.6446373462677
4,1.0,22,-1,107.6446373462677
4,1.0,23,-1,107.6446373462677
4,1.0,24,-1,107.6446373462677
4,1.0,25,-1,107.6446373462677
4,1.0,26,-1,107.6446373462677
4,1.0,27,-1,107.6446373462677
4,1.0,28,-1,107.6446373462677
4,1.0,29,-1,107.6446373462677
4,1.0,30,-1,107.6446373462677
4,1.0,31,-1,107.6446373462677
4,1.0,32,-1,107.6446373462677
4,1.0,33,-1,107.6446373462677
4,1.0,34,-1,107.6446373462677
4,1.0,35,-1,107.6446373462677
4,1.0,36,-1,107.6446373462677
4,1.0,37,-1,107.6446373462677
4,1.0,38,-1,107.6446373462677
4,1.0,39,-1,107.6446373462677
4,1.0,40,-1,107.6446373462677
4,1.0,41,-1,107.6446373462677
4,1.0,42,-1,107.6446373462677
4,1.0,43,-1,107.6446373462677
4,1.0,44,-1,107.6446373462677
4,1.0,45,-1,107.6446373462677
4,1.0,46,-1,107.6446373462677
4,1.0,47,-1,107.6446373462677
4,1.0,48,-1,107.6446373462677
4,1.0,49,-1,107.6446373462677
4,1.0,50,-1,107.6446373462677
4,1.0,51,-1,107.6446373462677
4,1.0,52,-1,107.6446373462677
4,1.0,53,-1,107.6446373462677
4,1.0,54,-1,107.6446373462677
4,1.0,55,-1,107.6446373462677
4,1.0,56,-1,107.6446373462677
4,1.0,57,-1,107.6446373462677
4,1.0,58,-1,107.6446373462677
4,1.0,59,-1,107.6446373462677
4,1.0,60,-1,107.6446373462677
4,1.0,61,-1,107.6446373462677
4,1.0,62,-1,107.6446373462677
4,1.0,63,-1,107.6446373462677
4,1.0,64,-1,107.6446373462677
4,1.0,65,-1,107.6446373462677
4,1.0,66,-1,107.6446373462677
4,1.0,67,-1,107.6446373462677
4,1.0,68,-1,107.6446373462677
4,1.0,69,-1,107.6446373462677
4,1.0,70,-1,107.6446373462677
4,1.0,71,-1,107.6446373462677
4,1.0,72,-1,107.6446373462677
4,1.0,73,-1,107.6446373462677
4,1.0,74,-1,107.6446373462677
4,1.0,75,-1,107.6446373462677
4,1.0,76,-1,107.6446373462677
4,1.0,77,-1,107.6446373462677
4,1.0,78,-1,107.6446373462677
4,1.0,79,-1,107.6446373462677
4,1.0,80,-1,107.6446373462677
4,1.0,81,-1,107.6446373462677
4,1.0,82,-1,107.6446373462677
4,1.0,83,-1,107.6446373462677
4,1.0,84,-1,107.6446373462677
4,1.0,85,-1,107.6446373462677
4,1.0,86,-1,107.6446373462677
4,1.0,87,-1,107.6446373462677
4,1.0,88,-1,107.6446373462677
4,1.0,89,-1,107.6446373462677
4,1.0,90,-1,107.6446373462677
4,1.0,91,-1,107.6446373462677
4,1.0,92,-1,107.6446373462677
4,1.0,93,-1,107.6446373462677
4,1.0,94,-1,107.6446373462677
4,1.0,95,-1,107.6446373462677
4,1.0,96,-1,107.6446373462677
4,1.0,97,-1,107.6446373462677
4,1.0,98,-1,107.6446373462677
4,1.0,99,-1,107.6446373462677
3,0.1,0,-37,4.04018759727478
3,0.1,1,0,4.04018759727478
11,0.1,0,-43,5.412842750549316
11,0.1,1,0,5.412842750549316
13,0.1,0,-41,5.4898998737335205
13,0.1,1,0,5.4898998737335205
12,0.0,0,-39,5.628422737121582
12,0.0,1,0,5.628422737121582
14,1.0,0,-39,107.00956130027771
14,1.0,1,-6,107.00956130027771
14,1.0,2,-3,107.00956130027771
14,1.0,3,-2,107.00956130027771
14,1.0,4,-2,107.00956130027771
14,1.0,5,-1,107.00956130027771
14,1.0,6,-1,107.00956130027771
14,1.0,7,-1,107.00956130027771
14,1.0,8,-1,107.00956130027771
14,1.0,9,-1,107.00956130027771
14,1.0,10,-1,107.00956130027771
14,1.0,11,-1,107.00956130027771
14,1.0,12,-1,107.00956130027771
14,1.0,13,-1,107.00956130027771
14,1.0,14,-1,107.00956130027771
14,1.0,15,-1,107.00956130027771
14,1.0,16,-1,107.00956130027771
14,1.0,17,-1,107.00956130027771
14,1.0,18,-1,107.00956130027771
14,1.0,19,-1,107.00956130027771
14,1.0,20,-1,107.00956130027771
14,1.0,21,-1,107.00956130027771
14,1.0,22,-1,107.00956130027771
14,1.0,23,-1,107.00956130027771
14,1.0,24,-1,107.00956130027771
14,1.0,25,-1,107.00956130027771
14,1.0,26,-1,107.00956130027771
14,1.0,27,-1,107.00956130027771
14,1.0,28,-1,107.00956130027771
14,1.0,29,-1,107.00956130027771
14,1.0,30,-1,107.00956130027771
14,1.0,31,-1,107.00956130027771
14,1.0,32,-1,107.00956130027771
14,1.0,33,-1,107.00956130027771
14,1.0,34,-1,107.00956130027771
14,1.0,35,-1,107.00956130027771
14,1.0,36,-1,107.00956130027771
14,1.0,37,-1,107.00956130027771
14,1.0,38,-1,107.00956130027771
14,1.0,39,-1,107.00956130027771
14,1.0,40,-1,107.00956130027771
14,1.0,41,-1,107.00956130027771
14,1.0,42,-1,107.00956130027771
14,1.0,43,-1,107.00956130027771
14,1.0,44,-1,107.00956130027771
14,1.0,45,-1,107.00956130027771
14,1.0,46,-1,107.00956130027771
14,1.0,47,-1,107.00956130027771
14,1.0,48,-1,107.00956130027771
14,1.0,49,-1,107.00956130027771
14,1.0,50,-1,107.00956130027771
14,1.0,51,-1,107.00956130027771
14,1.0,52,-1,107.00956130027771
14,1.0,53,-1,107.00956130027771
14,1.0,54,-1,107.00956130027771
14,1.0,55,-1,107.00956130027771
14,1.0,56,-1,107.00956130027771
14,1.0,57,-1,107.00956130027771
14,1.0,58,-1,107.00956130027771
14,1.0,59,-1,107.00956130027771
14,1.0,60,-1,107.00956130027771
14,1.0,61,-1,107.00956130027771
14,1.0,62,-1,107.00956130027771
14,1.0,63,-1,107.00956130027771
14,1.0,64,-1,107.00956130027771
14,1.0,65,-1,107.00956130027771
14,1.0,66,-1,107.00956130027771
14,1.0,67,-1,107.00956130027771
14,1.0,68,-1,107.00956130027771
14,1.0,69,-1,107.00956130027771
14,1.0,70,-1,107.00956130027771
14,1.0,71,-1,107.00956130027771
14,1.0,72,-1,107.00956130027771
14,1.0,73,-1,107.00956130027771
14,1.0,74,-1,107.00956130027771
14,1.0,75,-1,107.00956130027771
14,1.0,76,-1,107.00956130027771
14,1.0,77,-1,107.00956130027771
14,1.0,78,-1,107.00956130027771
14,1.0,79,-1,107.00956130027771
14,1.0,80,-1,107.00956130027771
14,1.0,81,-1,107.00956130027771
14,1.0,82,-1,107.00956130027771
14,1.0,83,-1,107.00956130027771
14,1.0,84,-1,107.00956130027771
14,1.0,85,-1,107.00956130027771
14,1.0,86,-1,107.00956130027771
14,1.0,87,-1,107.00956130027771
14,1.0,88,-1,107.00956130027771
14,1.0,89,-1,107.00956130027771
14,1.0,90,-1,107.00956130027771
14,1.0,91,-1,107.00956130027771
14,1.0,92,-1,107.00956130027771
14,1.0,93,-1,107.00956130027771
14,1.0,94,-1,107.00956130027771
14,1.0,95,-1,107.00956130027771
14,1.0,96,-1,107.00956130027771
14,1.0,97,-1,107.00956130027771
14,1.0,98,-1,107.00956130027771
14,1.0,99,-1,107.00956130027771
1,0.0,0,-39,5.320029258728027
1,0.0,1,0,5.320029258728027
2,0.1,0,-39,5.349318981170654
2,0.1,1,0,5.349318981170654
3,1.0,0,-36,108.38918113708496
3,1.0,1,-6,108.38918113708496
3,1.0,2,-4,108.38918113708496
3,1.0,3,-3,108.38918113708496
3,1.0,4,-2,108.38918113708496
3,1.0,5,-1,108.38918113708496
3,1.0,6,-1,108.38918113708496
3,1.0,7,-1,108.38918113708496
3,1.0,8,-1,108.38918113708496
3,1.0,9,-1,108.38918113708496
3,1.0,10,-1,108.38918113708496
3,1.0,11,-1,108.38918113708496
3,1.0,12,-1,108.38918113708496
3,1.0,13,-1,108.38918113708496
3,1.0,14,-1,108.38918113708496
3,1.0,15,-1,108.38918113708496
3,1.0,16,-1,108.38918113708496
3,1.0,17,-1,108.38918113708496
3,1.0,18,-1,108.38918113708496
3,1.0,19,-1,108.38918113708496
3,1.0,20,-1,108.38918113708496
3,1.0,21,-1,108.38918113708496
3,1.0,22,-1,108.38918113708496
3,1.0,23,-1,108.38918113708496
3,1.0,24,-1,108.38918113708496
3,1.0,25,-1,108.38918113708496
3,1.0,26,-1,108.38918113708496
3,1.0,27,-1,108.38918113708496
3,1.0,28,-1,108.38918113708496
3,1.0,29,-1,108.38918113708496
3,1.0,30,-1,108.38918113708496
3,1.0,31,-1,108.38918113708496
3,1.0,32,-1,108.38918113708496
3,1.0,33,-1,108.38918113708496
3,1.0,34,-1,108.38918113708496
3,1.0,35,-1,108.38918113708496
3,1.0,36,-1,108.38918113708496
3,1.0,37,-1,108.38918113708496
3,1.0,38,-1,108.38918113708496
3,1.0,39,-1,108.38918113708496
3,1.0,40,-1,108.38918113708496
3,1.0,41,-1,108.38918113708496
3,1.0,42,-1,108.38918113708496
3,1.0,43,-1,108.38918113708496
3,1.0,44,-1,108.38918113708496
3,1.0,45,-1,108.38918113708496
3,1.0,46,-1,108.38918113708496
3,1.0,47,-1,108.38918113708496
3,1.0,48,-1,108.38918113708496
3,1.0,49,-1,108.38918113708496
3,1.0,50,-1,108.38918113708496
3,1.0,51,-1,108.38918113708496
3,1.0,52,-1,108.38918113708496
3,1.0,53,-1,108.38918113708496
3,1.0,54,-1,108.38918113708496
3,1.0,55,-1,108.38918113708496
3,1.0,56,-1,108.38918113708496
3,1.0,57,-1,108.38918113708496
3,1.0,58,-1,108.38918113708496
3,1.0,59,-1,108.38918113708496
3,1.0,60,-1,108.38918113708496
3,1.0,61,-1,108.38918113708496
3,1.0,62,-1,108.38918113708496
3,1.0,63,-1,108.38918113708496
3,1.0,64,-1,108.38918113708496
3,1.0,65,-1,108.38918113708496
3,1.0,66,-1,108.38918113708496
3,1.0,67,-1,108.38918113708496
3,1.0,68,-1,108.38918113708496
3,1.0,69,-1,108.38918113708496
3,1.0,70,-1,108.38918113708496
3,1.0,71,-1,108.38918113708496
3,1.0,72,-1,108.38918113708496
3,1.0,73,-1,108.38918113708496
3,1.0,74,-1,108.38918113708496
3,1.0,75,-1,108.38918113708496
3,1.0,76,-1,108.38918113708496
3,1.0,77,-1,108.38918113708496
3,1.0,78,-1,108.38918113708496
3,1.0,79,-1,108.38918113708496
3,1.0,80,-1,108.38918113708496
3,1.0,81,-1,108.38918113708496
3,1.0,82,-1,108.38918113708496
3,1.0,83,-1,108.38918113708496
3,1.0,84,-1,108.38918113708496
3,1.0,85,-1,108.38918113708496
3,1.0,86,-1,108.38918113708496
3,1.0,87,-1,108.38918113708496
3,1.0,88,-1,108.38918113708496
3,1.0,89,-1,108.38918113708496
3,1.0,90,-1,108.38918113708496
3,1.0,91,-1,108.38918113708496
3,1.0,92,-1,108.38918113708496
3,1.0,93,-1,108.38918113708496
3,1.0,94,-1,108.38918113708496
3,1.0,95,-1,108.38918113708496
3,1.0,96,-1,108.38918113708496
3,1.0,97,-1,108.38918113708496
3,1.0,98,-1,108.38918113708496
3,1.0,99,-1,108.38918113708496
11,0.0,0,-40,5.9469451904296875
11,0.0,1,0,5.9469451904296875
12,0.1,0,-37,4.084021806716919
12,0.1,1,0,4.084021806716919
13,1.0,0,-43,9.481728315353394
13,1.0,1,-6,9.481728315353394
13,1.0,2,-4,9.481728315353394
13,1.0,3,-3,9.481728315353394
13,1.0,4,-1,9.481728315353394
13,1.0,5,0,9.481728315353394
